username,phone
samad1,8555754282
samad2,9755569864
samad3,9455508794
samad5,7555517312
samad6,9655579518
samad7,7555475725
samad8,9355585710
samad9,7555722272
samad10,8555619726
samad11,9255538429
samad12,8555195876
samad13,7555488722
samad14,7555626014
samad15,8555088095
samad16,7555203650
samad17,7555082028
samad18,9655551428
samad19,8555794977
samad20,7555368166
samad21,9955501774
samad22,7555569267
samad23,9555574310
samad24,7555856967
samad25,9755544822
samad26,9255566886
samad27,8555836265
samad28,7555851982
samad30,8555688058
samad31,7555919137
samad32,7555176007
samad33,8555056998
samad34,9255505996
samad35,8555284189
samad36,8555732851
samad37,8555006536
samad38,9355598488
samad39,8555054907
samad40,9155562925
samad41,8555753575
samad42,8555635470
samad44,7555479034
samad46,8555675407
samad47,8555387170
samad48,7555260501
samad50,9655527875
samad51,9455528762
samad52,9155569503
samad53,7555857740
samad54,7555525032
samad55,9455556669
samad56,7555714526
samad57,7555466033
samad58,9355598634
samad59,9955558181
samad60,8555263783
samad61,7555680108
samad62,8555509356
samad63,7555562609
samad64,9955543266
samad65,8555387010
samad66,7555414831
samad67,7555976204
samad68,8555759410
samad69,9555594321
samad70,9455575177
samad71,9355586984
samad73,9055588333
samad74,8555575656
samad75,9455516561
samad77,9355504983
samad78,7555140964
samad79,7555697356
samad80,8555343226
samad81,7555177468
samad82,8555553683
samad83,8555628836
samad84,8555917852
samad85,8555231955
samad86,8555608193
samad87,8555268137
samad88,9755545948
samad89,8555746917
samad91,7555299079
samad92,9555535155
samad93,8555435575
samad94,8555408150
samad95,8555309780
samad96,7555565708
samad97,7555220039
samad98,7555322385
samad100,7555780958
samad101,8555514018
samad102,8555575358
samad103,7555291605
samad104,7555237982
samad105,8555789798
samad106,8555129284
samad107,9855533587
samad108,7555799831
samad109,9655523034
samad110,7555146148
samad111,9155583473
samad112,7555025025
samad113,8555085045
samad114,7555802591
samad115,7555055512
samad116,7555967752
samad117,7555314644
samad118,9055534422
samad119,9055553363
samad120,7555007230
samad121,7555595103
samad122,8555194939
samad124,8555523082
samad125,7555734963
samad126,8555353134
samad128,7555280014
samad129,8555194565
samad130,7555076984
samad131,7555906745
samad132,8555237130
samad133,8555262776
samad134,7555693153
samad135,8555112274
samad136,8555516106
samad137,8555764536
samad138,9355543506
samad139,9455597910
samad141,9255588936
samad142,7555208081
samad143,7555454314
samad144,9755580947
samad145,8555062163
samad146,9655570603
samad147,8555260688
samad148,8555900057
samad149,8555365843
samad150,8555791115
samad151,8555407962
samad152,8555328561
samad153,7555128281
samad154,7555166293
samad155,9755576366
samad156,7555674690
samad157,9755593548
samad158,8555669861
samad159,7555592869
samad160,7555518533
samad161,7555694519
samad162,7555924280
samad163,8555338328
samad164,8555952311
samad165,7555309316
samad166,8555680019
samad167,8555335153
samad168,7555365052
samad170,8555224207
samad171,8555857237
samad172,8555494647
samad173,8555552120
samad174,8555094915
samad175,8555247934
samad176,8555456475
samad177,9655538344
samad178,7555997713
samad179,8555281029
samad180,8555217931
samad181,8555930262
samad182,9255520082
samad183,9355545949
samad184,8555720356
samad185,7555101971
samad186,7555665286
samad187,9255529860
samad188,7555197201
samad189,9755580191
samad191,7555108605
samad192,7555966265
samad193,8555690371
samad195,9855553157
samad196,8555818273
samad197,7555472878
samad198,7555187830
samad199,8555940844
samad200,8555958908
samad201,7555438328
samad202,7555642961
samad203,7555076527
samad204,7555670453
samad205,8555962608
samad206,8555299169
samad207,9355583934
samad208,9555558073
samad209,8555485711
samad210,7555603553
samad211,8555019536
samad212,7555545025
samad213,7555333605
samad214,8555126431
samad215,7555549435
samad216,9455556223
samad218,8555517385
samad219,7555722472
samad220,8555381861
samad221,8555631696
samad222,7555269305
samad223,8555890531
samad224,9955517458
samad225,9155510467
samad226,8555521739
samad227,8555249890
samad228,9155557731
samad229,7555651227
samad230,9755523737
samad231,9855567782
samad232,8555137237
samad233,9555522047
samad234,7555994995
samad235,8555451054
samad236,7555642138
samad237,8555579489
samad238,9255529544
samad241,7555483623
samad242,8555686172
samad243,8555516207
samad245,7555000559
samad246,8555265716
samad247,8555084090
samad248,9255571051
samad249,9855569853
samad250,8555261099
samad252,7555699004
samad253,9455517065
samad254,9355540374
samad255,8555683830
samad256,7555648621
samad257,9255514102
samad258,8555207026
samad259,8555076929
samad261,8555685362
samad262,8555577844
samad263,7555246627
samad264,9155540529
samad266,7555472700
samad267,9655525912
samad268,7555233818
samad269,9055536613
samad271,7555984239
samad272,9055514183
samad273,7555880243
samad274,9755547215
samad275,7555620717
samad276,8555585922
samad277,9755546090
samad280,8555554554
samad281,9355597103
samad282,8555280156
samad283,8555780645
samad284,7555870522
samad285,8555339725
samad286,8555357108
samad287,8555894437
samad288,7555826225
samad290,7555606598
samad291,9255528473
samad292,8555989110
samad293,8555036132
samad294,8555799257
samad295,7555240816
samad296,8555508679
samad297,9355595927
samad298,7555603412
samad299,8555251852
samad300,9455544714
samad303,8555839833
samad304,7555932308
samad305,8555599704
samad306,7555996833
samad307,9255546870
samad308,7555188001
samad309,7555141482
samad310,7555752986
samad311,8555574605
samad312,8555934983
samad313,7555101855
samad314,8555273083
samad315,8555490486
samad317,7555709625
samad319,8555167047
samad320,9355576386
samad321,8555975322
samad323,7555929766
samad324,7555658853
samad325,9755514513
samad326,7555801327
samad327,8555417927
samad328,9455598488
samad329,8555129566
samad330,7555363197
samad331,8555768527
samad332,9455508472
samad333,7555141746
samad334,8555579902
samad335,9455575617
samad336,7555890054
samad337,7555901561
samad338,8555760424
samad339,9055563015
samad340,9755507973
samad341,7555131135
samad342,7555936837
samad343,7555338011
samad344,8555631858
samad345,8555021962
samad346,8555198733
samad347,9055505572
samad348,7555528866
samad349,7555472649
samad350,9855515554
samad351,7555381628
samad352,9255583999
samad353,8555211083
samad354,9455566759
samad355,7555926261
samad356,9155580865
samad357,7555401634

samad359,9755585138
samad360,9055508311
samad361,7555098743
samad362,7555101298
samad363,7555058306
samad364,7555507261
samad365,8555445930
samad366,8555157875
samad367,7555889244
samad368,9755573745
samad369,8555842582
samad370,8555531688
samad371,7555221596
samad372,9155528062
samad373,8555727484
samad374,8555751895
samad375,8555777862
samad376,8555544137
samad377,7555203268
samad378,8555909805
samad379,9355583273
samad380,7555250364
samad381,8555082711
samad382,8555074384
samad383,7555914442
samad384,9955564337
samad385,8555338888
samad386,7555268748
samad387,8555091693
samad388,8555995296
samad389,7555754609
samad390,8555769775
samad391,8555252638
samad392,8555791001
samad393,8555453278
samad394,8555351105
samad395,7555275476
samad396,8555221518
samad397,8555509908
samad398,8555584191
samad399,7555435475
samad400,9755572299
samad401,8555790434
samad402,9355531180
samad403,7555417147
samad404,7555343386
samad405,8555631736
samad406,8555543836
samad407,7555347413
samad408,8555031199
samad409,9355582607
samad410,7555507697
samad411,8555230757
samad412,7555079418
samad414,8555185268
samad415,9355530487
samad416,9355590048
samad417,8555252092
samad418,9255599385
samad420,7555571193
samad421,7555755709
samad423,7555355140
samad424,7555334479
samad425,9055534422
samad426,9655586551
samad427,9055578427
samad428,7555679123
samad429,9155532585
samad430,7555973097
samad431,7555346987
samad432,8555967761
samad433,7555614318
samad434,9755587809
samad435,8555586545
samad436,7555432604
samad437,8555546371
samad438,7555246015
samad439,8555314765
samad440,9455514652
samad441,7555679545
samad443,8555400408
samad444,8555461248
samad445,8555744051
samad446,8555203047
samad447,8555495242
samad448,7555016120
samad449,7555601616
samad450,7555785090
samad451,8555794957
samad452,7555620821
samad453,8555566106
samad454,7555469017
samad455,8555283265
samad456,9755570591
samad457,8555746848
samad458,8555562080
samad459,8555832211
samad460,8555180949
samad461,8555656308
samad462,8555156782
samad463,9455537524
samad466,8555077641
samad467,7555356290
samad468,9955546242
samad469,8555758332
samad470,7555450600
samad471,9555593262
samad472,7555493428
samad473,7555584787
samad475,7555862189
samad476,7555909816
samad477,7555137430
samad478,8555987955
samad479,7555795578
samad480,8555622862
samad481,8555185804
samad482,9055547950
samad483,7555394607
samad484,9355512659
samad485,8555937717
samad486,7555484894
samad487,7555161110
samad489,9255594704
samad490,7555069537
samad491,9455562014
samad492,8555583330
samad493,7555705582
samad494,7555098575
samad495,7555492965
samad496,8555208755
samad498,8555685773
samad499,7555615195
samad500,8555336508
samad501,7555007085
samad502,7555670632
samad503,7555241835
samad504,9655512493
samad505,8555122314
samad506,9955564247
samad507,7555787720
samad508,9755511427
samad509,8555651781
samad510,7555524705
samad512,9555589733
samad513,9555539877
samad514,9555545331
samad515,7555187018
samad516,7555077839
samad517,7555873424
samad518,9955527541
samad519,8555837557
samad520,9955545393
samad521,7555843177
samad522,8555885502
samad523,9755573664
samad524,9355596456
samad525,7555365126
samad526,7555807368
samad527,9855566858
samad528,7555605646
samad529,7555211028
samad531,7555614520
samad532,7555770818
samad533,9355588543
samad534,9655581304
samad535,9955574397
samad536,9455567699
samad537,9955585833
samad538,9155502016
samad539,9255581840
samad540,7555382204
samad541,8555264874
samad542,7555056235
samad543,8555680511
samad544,8555711492
samad547,9755586696
samad549,7555058393
samad550,7555378861
samad551,9855530737
samad552,8555274202
samad553,7555627337
samad554,7555118476
samad555,9055528780
samad556,8555094050
samad557,7555554161
samad558,8555489774
samad559,8555593864
samad560,7555630635
samad562,9855569596
samad563,9055548882
samad564,9255567888
samad565,9455542258
samad566,7555593464
samad567,7555091873
samad568,7555999659
samad569,7555998673
samad570,9055567341
samad571,7555015010
samad572,8555978896
samad573,9755594394
samad574,7555532053
samad575,7555131595
samad576,7555040339
samad577,8555473997
samad578,8555417657
samad579,7555095305
samad580,9155581868
samad581,7555961525
samad582,8555905023
samad583,7555134461
samad584,7555163184
samad585,9055556814
samad586,8555545174
samad587,7555429446
samad588,8555074426
samad589,7555138308
samad590,8555433005
samad591,9855572567
samad592,9655544196
samad593,7555846759
samad594,7555437535
samad595,8555356721
samad596,7555692888
samad597,7555578851
samad598,9655511495
samad600,9555599762
samad601,9055578131
samad602,7555129567
samad603,8555945774
samad604,8555229695
samad605,8555522331
samad606,8555870838
samad607,9755539379
samad608,8555281733
samad609,7555645888
samad610,7555741575
samad612,8555647996
samad613,7555755466
samad614,9955557667
samad615,7555034750
samad616,7555899049
samad617,8555672423
samad618,7555513601
samad619,9755536557
samad620,7555072909
samad621,9555558839
samad622,7555414441
samad623,9355523318
samad624,8555344500
samad625,9455523674
samad626,8555213104
samad627,7555841281
samad628,7555259817
samad629,8555866867
samad630,8555949969
samad631,7555835677
samad632,7555457098
samad633,8555411818
samad634,9655519026
samad635,7555538002
samad636,9055569152
samad637,9455580055
samad638,9555515263
samad639,9255546205
samad640,7555161091
samad641,7555383133
samad642,9355537062
samad643,7555105541
samad644,7555694059
samad645,7555902373
samad646,8555589836
samad647,9555502642
samad648,7555100453
samad649,7555825239
samad651,7555735754
samad653,8555034264
samad654,7555078112
samad655,7555208979
samad656,8555467929
samad657,9455509711
samad658,7555051587
samad660,7555506390
samad662,7555530088
samad663,7555518320
samad664,9655579019
samad666,7555612687
samad668,7555255753
samad669,9555565250
samad670,9755537188
samad671,9255567443
samad672,9655594632
samad673,7555668923
samad674,7555774055
samad675,8555068817
samad676,7555822522
samad677,7555208265
samad681,7555542921
samad682,9255514405
samad683,7555578177
samad684,9455507783
samad685,8555244674
samad686,9855529521
samad687,8555318249
samad688,7555361652
samad689,9255576065
samad690,9955541586
samad691,7555829714
samad692,9355532051
samad693,7555911161
samad694,7555971866
samad696,7555136441
samad697,9455553342
samad698,7555841636
samad699,7555344247
samad700,9555553905
samad701,7555250026
samad702,8555797382
samad703,7555040330
samad704,9755510513
samad705,7555010156
samad706,9355515353
samad707,9555557756
samad708,9255548455
samad709,7555263301
samad710,8555537914
samad711,7555269611
samad712,7555145800
samad713,7555133898
samad714,7555071073
samad715,9155573229
samad716,8555457475
samad717,7555199392
samad718,8555108508
samad719,8555786669
samad720,7555158035
samad721,7555941454
samad722,7555403125
samad723,8555720743
samad724,9155592113
samad725,9155551923
samad726,7555988012
samad727,8555734443
samad728,7555631521
samad730,9255567716
samad731,9455590945
samad732,8555490884
samad733,9055547881
samad734,9255535193
samad735,8555963638
samad736,7555064113
samad737,7555973339
samad738,8555172692
samad739,9455539672
samad740,8555224264
samad742,8555043449
samad743,9055587703
samad744,9355509889
samad745,7555844865
samad746,9655567619
samad747,7555444674
samad748,9755547393
samad749,8555556287
samad750,8555250579
samad751,7555714320
samad752,9355583426
samad753,7555327048
samad754,8555265107
samad755,9655541522
samad756,8555677587
samad757,9155534221
samad758,7555110376
samad759,7555019064
samad760,9655546278
samad761,7555703869
samad762,8555007993
samad763,9055540126
samad764,7555686223
samad765,9155575371
samad766,8555914676
samad768,7555944841
samad769,8555015317
samad770,7555871543
samad771,7555050666
samad772,9755564853
samad773,7555232157
samad776,7555158203
samad777,8555158569
samad778,7555932571
samad779,7555664983
samad780,7555138138
samad781,9655576952
samad782,7555733856
samad783,7555126040
samad784,8555241971
samad785,8555526016
samad786,7555260169
samad788,9755593890
samad789,7555111490
samad790,7555864141
samad791,9155583032
samad792,7555468565
samad793,9455517730
samad794,8555457010
samad795,8555701468
samad796,8555650719
samad797,8555203052
samad798,8555335174
samad799,8555174356
samad800,9255597075
samad801,9155543312
samad802,7555516747
samad803,9255572713
samad804,7555628030
samad805,9555581316
samad806,8555267134
samad807,9755519834
samad808,8555569791
samad809,8555953477
samad810,7555154716
samad811,8555526356
samad812,7555630480
samad813,9355524970
samad814,9755561585
samad815,7555262078
samad816,9555521764
samad817,8555458317
samad818,9755576250
samad819,7555559449
samad820,9855537313
samad821,7555836344
samad822,8555095542
samad824,8555799808
samad825,9855553607
samad826,9655580271
samad827,8555000160
samad828,7555654826
samad829,9155551397
samad830,9655560719
samad831,9255535014
samad832,8555591925
samad833,7555249992
samad834,9455514549
samad835,7555447771
samad836,9355512368
samad837,9655511396
samad838,7555516126
samad839,9655583110
samad840,7555957255
samad841,8555336079
samad842,9155570819
samad843,8555980808
samad844,8555705304
samad845,8555243717
samad846,7555704306
samad847,9355574717
samad848,9655520786
samad849,9555503643
samad850,7555019557
samad851,8555322438
samad852,8555069251
samad853,8555916789
samad854,8555452768
samad855,7555966172
samad856,7555884307
samad857,7555169944
samad860,8555846474
samad861,8555402260
samad862,7555204378
samad863,9555595248
samad865,8555270179
samad866,8555540767
samad867,7555290082
samad869,7555990216
samad870,8555571981
samad871,8555174627
samad872,7555277519
samad873,7555022643
samad874,8555950684
samad875,8555111162
samad876,8555235521
samad877,7555166199
samad878,7555165586
samad879,7555222740
samad880,8555471200
samad882,8555141277
samad883,8555357027
samad884,9255589699
samad885,9855554144
samad886,8555368615
samad887,8555788110
samad888,9255511766
samad889,9055524486
samad890,7555976457
samad891,8555914082
samad892,7555042700
samad893,7555063072
samad894,8555179620
samad895,7555232094
samad896,8555096305
samad897,7555641992
samad898,8555455987
samad899,7555158441
samad900,8555736317
samad901,7555966037
samad902,8555116890
samad903,7555171296
samad904,9655586504
samad905,7555850835
samad906,8555521099
samad907,8555830933
samad908,7555672495
samad910,9255533734
samad911,8555569826
samad912,8555748427
samad915,9855536431
samad916,9455587163
samad917,7555040590
samad918,7555968684
samad919,8555444973
samad920,9055531597
samad921,9855502770
samad922,8555581489
samad923,7555778803
samad924,8555580164
samad925,8555067254
samad926,7555621176
samad927,7555183572
samad928,8555427887
samad929,8555634386
samad930,8555916594
samad931,7555296838
samad932,8555405223
samad933,8555084638
samad934,9355571634
samad935,7555756112
samad936,8555107464
samad937,8555395040
samad938,7555499713
samad940,9155584377
samad941,8555426561
samad942,7555224850
samad943,8555299435
samad944,7555141026
samad945,7555759276
samad946,9355537397
samad947,9955579186
samad948,8555481591
samad949,7555397021
samad950,8555608961
samad951,9755538717
samad952,8555907582
samad953,9255554045
samad954,8555250882
samad955,9355537169
samad956,8555699733
samad957,8555128174
samad958,8555326324
samad959,7555022806
samad960,9655578815
samad961,7555713198
samad962,8555559560
samad963,8555301882
samad965,9055501651
samad966,9355524171
samad967,9255576292
samad968,8555130681
samad969,7555812648
samad970,7555619996
samad971,9655521746
samad972,7555083624
samad973,7555472942
samad974,8555755737
samad975,9955556738
samad976,7555916139
samad977,8555269656
samad978,9355505284
samad979,8555805820
samad980,8555166992
samad981,7555183371
samad982,7555467829
samad983,8555378625
samad984,7555586307
samad985,7555655722
samad986,7555740256
samad988,8555781789
samad989,8555298442
samad990,7555447854
samad991,8555916911
samad992,9155581626
samad993,9255547075
samad994,8555676953
samad995,9855559629
samad996,7555539898
samad997,7555875995
samad998,7555513950
samad999,9555581066
samad1000,1111112110